month,revenue_platform,revenue_insights,revenue,cogs_cloud,cogs_third_party,cogs_payment,cogs_payroll,cogs_recruiting,cogs,gross_profit,gross_margin,rd_payroll,rd_recruiting,rd_tooling,rd_contractors,rd_total,sm_payroll,sm_recruiting,sm_commission,sm_programs,sm_total,ga_payroll,ga_recruiting,ga_rent,ga_software,ga_fixed,ga_total,opex,ebitda,ebitda_margin,fte_total,fte_COGS,fte_R&D,fte_S&M,fte_G&A,arr_total
2026-09,1896810.2462908672,174264.46122185857,2071074.7075127258,150990.80270899183,62132.241225381775,31066.12061269089,276901.48091931344,0.0,521090.64546637796,1549984.062046348,0.748396017016602,917162.2833986612,0.0,31752.0,60000.0,1008914.2833986612,313737.7209094683,0.0,69524.73021831657,396900.0,780162.4511277849,247823.66415269327,0.0,68600.0,25048.8,75000.0,416472.4641526932,2205549.1986791394,-655565.1366327915,-0.3165337948721791,139.16,26.46,70.56,27.44,14.7,24852896.49015271
2026-10,1938531.0512908672,182865.1403929415,2121396.191683809,154738.8157502424,63641.88575051426,31820.94287525713,276901.48091931344,0.0,527103.1252953273,1594293.0663884815,0.7515300878913376,917162.2833986612,0.0,31752.0,60000.0,1008914.2833986612,313737.7209094683,0.0,69962.37867354868,396900.0,780600.0995830169,247823.66415269327,0.0,68600.0,25048.8,75000.0,416472.4641526932,2205986.8471343713,-611693.7807458898,-0.28834490376848093,139.16,26.46,70.56,27.44,14.7,25456754.300205704
2026-11,1978265.1512908672,191506.33464550905,2169771.4859363763,158370.4148155258,65093.14457809128,32546.572289045645,276901.48091931344,0.0,532911.6126019761,1636859.8733344001,0.7543927477819189,917162.2833986612,0.0,31752.0,60000.0,1008914.2833986612,313737.7209094683,0.0,68015.9811287808,378000.0,759753.7020382491,247823.66415269327,0.0,68600.0,25048.8,75000.0,416472.4641526932,2185140.4495896036,-548280.5762552035,-0.2526904698531376,139.16,26.46,70.56,27.44,14.7,26037257.831236515
2026-12,2025946.0712908672,201289.80501934246,2227235.8763102097,162626.75437997506,66817.0762893063,33408.53814465315,276901.48091931344,0.0,539753.8497332479,1687482.0265769619,0.7576575272182483,917162.2833986612,0.0,31752.0,60000.0,1008914.2833986612,313737.7209094683,0.0,77968.97318138283,453600.0,845306.6940908511,247823.66415269327,0.0,68600.0,25048.8,75000.0,416472.4641526932,2270693.4416422057,-583211.4150652438,-0.26185435555727105,139.16,26.46,70.56,27.44,14.7,26726830.515722513
2027-01,2164792.0993554103,209991.69188882606,2374783.7912442363,166011.91533145303,71243.51373732708,35621.75686866354,286593.03275148943,0.0,559470.2186889331,1815313.572555303,0.7644121453280569,949262.9633176142,0.0,31752.0,60000.0,1041014.9633176142,324718.54114129965,0.0,66310.50824450525,340200.0,731229.0493858049,256497.4923980375,0.0,68600.0,25048.8,75000.0,425146.29239803745,2197390.3051014566,-382076.7325461535,-0.16088906028197603,139.16,26.46,70.56,27.44,14.7,28497405.494930834
2027-02,2204426.8641054104,219162.92668007998,2423589.7907854905,170682.70370331188,72707.69372356472,36353.84686178236,286593.03275148943,0.0,566337.2770401484,1857252.5137453421,0.7663229647222614,949262.9633176142,0.0,31752.0,60000.0,1041014.9633176142,324718.54114129965,0.0,70270.2420964394,359099.99999999994,754088.783237739,256497.4923980375,0.0,68600.0,25048.8,75000.0,425146.29239803745,2220250.0389533904,-362997.5252080483,-0.14977680075570876,139.16,26.46,70.56,27.44,14.7,29083077.489425883
2027-03,2250319.7496054103,229316.56735516863,2479636.316960579,176170.9907303685,74389.08950881736,37194.54475440868,286593.03275148943,0.0,574347.657745084,1905288.6592154948,0.7683742354406664,949262.9633176142,0.0,31752.0,60000.0,1041014.9633176142,324718.54114129965,0.0,78195.75302890994,415800.00000000006,818714.2941702097,256497.4923980375,0.0,68600.0,25048.8,75000.0,425146.29239803745,2284875.549885861,-379586.89067036635,-0.1530816789841367,139.16,26.46,70.56,27.44,14.7,29755635.80352695
2027-04,2289954.5143554104,239002.38508757972,2528956.8994429903,181067.89157403534,75868.70698328971,37934.353491644855,286593.03275148943,0.0,581463.9848004594,1947492.914642531,0.7700775426704471,949262.9633176142,0.0,31752.0,60000.0,1041014.9633176142,324718.54114129965,0.0,71167.42142966525,359099.99999999994,754985.9625709648,256497.4923980375,0.0,68600.0,25048.8,75000.0,425146.29239803745,2221147.2182866163,-273654.3036440853,-0.10820836990316379,139.16,26.46,70.56,27.44,14.7,30347482.793315884
2027-05,2331675.3193554105,249203.14056893476,2580878.4599243454,186204.6212409705,77426.35379773036,38713.17689886518,286593.03275148943,0.0,588937.1846890554,1991941.27523529,0.7718074702726143,949262.9633176142,0.0,31752.0,60000.0,1041014.9633176142,324718.54114129965,0.0,74086.43576213576,378000.0,776804.9769034354,256497.4923980375,0.0,68600.0,25048.8,75000.0,425146.29239803745,2242966.232619087,-251024.95738379727,-0.09726337806358991,139.16,26.46,70.56,27.44,14.7,30970541.519092143
2027-06,2377568.2048554104,260210.87953850348,2637779.084393914,191801.870794011,79133.37253181741,39566.686265908706,286593.03275148943,0.0,597094.9623432265,2040684.1220506872,0.7736372367663905,949262.9633176142,0.0,31752.0,60000.0,1041014.9633176142,324718.54114129965,0.0,79530.5808173679,415800.00000000006,820049.1219586676,256497.4923980375,0.0,68600.0,25048.8,75000.0,425146.29239803745,2286210.3776743193,-245526.2556236321,-0.09308067422183197,139.16,26.46,70.56,27.44,14.7,31653349.012726966
2027-07,2413030.8891054103,270143.8471847381,2683174.7362901485,196343.97850704982,80495.24208870446,40247.62104435223,286593.03275148943,0.0,603679.874391596,2079494.8618985526,0.7750128360159411,949262.9633176142,0.0,31752.0,60000.0,1041014.9633176142,324718.54114129965,0.0,67495.75261812321,321300.0,713514.2937594228,256497.4923980375,0.0,68600.0,25048.8,75000.0,425146.29239803745,2179675.5494750743,-100180.68757652165,-0.03733662449246037,139.16,26.46,70.56,27.44,14.7,32198096.83548178
2027-08,2448493.5733554102,280316.5063880999,2728810.07974351,200903.47191272562,81864.3023923053,40932.151196152656,286593.03275148943,0.0,610292.958252673,2118517.121490837,0.7763519847779086,949262.9633176142,0.0,31752.0,60000.0,1041014.9633176142,324718.54114129965,0.0,67867.75380507052,321300.0,713886.2949463702,256497.4923980375,0.0,68600.0,25048.8,75000.0,425146.29239803745,2180047.5506620216,-61530.42917118454,-0.02254844689556702,139.16,26.46,70.56,27.44,14.7,32745720.95692212
2027-09,2492300.41860541,291897.9637931834,2784198.3823985932,206373.3705627233,83525.9514719578,41762.9757359789,286593.03275148943,0.0,618255.3305221495,2165943.051876444,0.7779413512949745,949262.9633176142,0.0,31752.0,60000.0,1041014.9633176142,324718.54114129965,0.0,78252.74819201783,396900.0,799871.2893333174,256497.4923980375,0.0,68600.0,25048.8,75000.0,425146.29239803745,2266032.545048969,-100089.49317252496,-0.03594912410167326,139.16,26.46,70.56,27.44,14.7,33410380.588783123
2027-10,2536107.2638554103,303781.278129127,2839888.541984537,211872.4418272858,85196.65625953612,42598.32812976806,286593.03275148943,0.0,626260.4589680794,2213628.083016458,0.7794770992912126,949262.9633176142,0.0,31752.0,60000.0,1041014.9633176142,324718.54114129965,0.0,78712.27907001154,396900.0,800330.8202113112,256497.4923980375,0.0,68600.0,25048.8,75000.0,425146.29239803745,2266492.075926963,-52863.99291050481,-0.018614812563581464,139.16,26.46,70.56,27.44,14.7,34078662.503814444
2027-11,2577828.06885541,315662.9314089161,2893491.000264326,217170.97188811598,86804.73000792979,43402.36500396489,286593.03275148943,0.0,633971.0996515001,2259519.900612826,0.780897504228081,949262.9633176142,0.0,31752.0,60000.0,1041014.9633176142,324718.54114129965,0.0,76668.56164800526,378000.0,779387.1027893049,256497.4923980375,0.0,68600.0,25048.8,75000.0,425146.29239803745,2245548.3585049566,13971.542107869405,0.004828610874059424,139.16,26.46,70.56,27.44,14.7,34721892.00317191
2027-12,2627893.03485541,329106.8173368254,2956999.852192235,223418.65830681653,88709.99556576705,44354.997782883525,286593.03275148943,0.0,643076.6844069565,2313923.1677852785,0.7825239375882288,949262.9633176142,0.0,31752.0,60000.0,1041014.9633176142,324718.54114129965,0.0,87119.20330323739,453600.0,865437.744444537,256497.4923980375,0.0,68600.0,25048.8,75000.0,425146.29239803745,2331599.0001601884,-17675.832374909893,-0.005977623692407538,139.16,26.46,70.56,27.44,14.7,35483998.226306826
2028-01,2798713.847323181,340958.98304644483,3139672.830369626,228298.58010452162,94190.18491108879,47095.09245554439,296623.7888977915,0.0,666207.6463689463,2473465.1840006798,0.7878098507829189,982487.1670337307,0.0,31752.0,60000.0,1074239.1670337305,336083.6900812451,0.0,74877.81511951593,340200.0,751161.505200761,265474.9046319688,0.0,68600.0,25048.8,75000.0,434123.7046319688,2259524.3768664603,213940.80713421945,0.0681411149164331,139.16,26.46,70.56,27.44,14.7,37676073.96443551
2028-02,2840330.3503106814,353421.0849178764,3193751.435228558,233430.76320312294,95812.54305685672,47906.27152842836,296623.7888977915,0.0,673773.3666861996,2519978.0685423585,0.7890338743165273,982487.1670337307,0.0,31752.0,60000.0,1074239.1670337305,336083.6900812451,0.0,79298.12473718608,359099.99999999994,774481.8148184312,265474.9046319688,0.0,68600.0,25048.8,75000.0,434123.7046319688,2282844.6864841306,237133.3820582279,0.07424916649509315,139.16,26.46,70.56,27.44,14.7,38325017.22274269
